<?xml version="1.0" encoding="UTF-8"?>
<plist version="1.0">
<dict>
<key>Application Version</key>
<string>9.3</string>
<key>Archive Path</key>
<string>/Users/Daniel/Pictures/iPhoto 图库.photolibrary</string>
	<key>ArchiveId</key>
	<string>1</string>
<key>List of Albums</key>
<array>
<dict>
<key>AlbumId</key>
<integer>4</integer>
<key>AlbumName</key>
<string>照片</string>
<key>KeyList</key>
<array>
</array>
<key>Master</key>
<true/>
<key>GUID</key>
<string>allPhotosAlbum</string>
<key>PhotoCount</key>
<integer>0</integer>
<key>PlayMusic</key>
<string>YES</string>
<key>RepeatSlideShow</key>
<string>YES</string>
<key>SecondsPerSlide</key>
<integer>3</integer>
<key>SlideShowUseTitles</key>
<false/>
<key>SongPath</key>
<string>/Applications/iPhoto.app/Contents/Resources/Music/Minuet in G.mp3</string>
<key>TransitionDirection</key>
<integer>0</integer>
<key>TransitionName</key>
<string>Default</string>
<key>TransitionSpeed</key>
<real>1.000000</real>
<key>PanAndZoom</key>
<string>YES</string>
<key>Style</key>
<string>Classic</string>
<key>ShuffleSlides</key>
<false/>
</dict>
<dict>
<key>AlbumId</key>
<integer>7</integer>
<key>AlbumName</key>
<string>最近 12 个月</string>
<key>KeyList</key>
<array>
</array>
<key>Album Type</key>
<string>Special Month</string>
<key>GUID</key>
<string>lastNMonthsAlbum</string>
<key>Filter Mode</key>
<string>Any</string>
<key>Filters</key>
<array>
</array>
<key>PhotoCount</key>
<integer>0</integer>
<key>PlayMusic</key>
<string>YES</string>
<key>RepeatSlideShow</key>
<string>YES</string>
<key>SecondsPerSlide</key>
<integer>3</integer>
<key>SlideShowUseTitles</key>
<false/>
<key>SongPath</key>
<string>/Applications/iPhoto.app/Contents/Resources/Music/Minuet in G.mp3</string>
<key>TransitionDirection</key>
<integer>0</integer>
<key>TransitionName</key>
<string>Default</string>
<key>TransitionSpeed</key>
<real>1.000000</real>
<key>PanAndZoom</key>
<string>YES</string>
<key>Style</key>
<string>Classic</string>
<key>ShuffleSlides</key>
<false/>
</dict>
<dict>
<key>AlbumId</key>
<integer>8</integer>
<key>AlbumName</key>
<string>最新导入</string>
<key>KeyList</key>
<array>
</array>
<key>Album Type</key>
<string>Special Roll</string>
<key>GUID</key>
<string>lastImportAlbum</string>
<key>PhotoCount</key>
<integer>0</integer>
<key>PlayMusic</key>
<string>YES</string>
<key>RepeatSlideShow</key>
<string>YES</string>
<key>SecondsPerSlide</key>
<integer>3</integer>
<key>SlideShowUseTitles</key>
<false/>
<key>SongPath</key>
<string>/Applications/iPhoto.app/Contents/Resources/Music/Minuet in G.mp3</string>
<key>TransitionDirection</key>
<integer>0</integer>
<key>TransitionName</key>
<string>Default</string>
<key>TransitionSpeed</key>
<real>1.000000</real>
<key>PanAndZoom</key>
<string>YES</string>
<key>Style</key>
<string>Classic</string>
<key>ShuffleSlides</key>
<false/>
</dict>
<dict>
<key>AlbumId</key>
<integer>10</integer>
<key>AlbumName</key>
<string>有旗标</string>
<key>KeyList</key>
<array>
</array>
<key>Album Type</key>
<string>Flagged</string>
<key>GUID</key>
<string>flaggedAlbum</string>
<key>PhotoCount</key>
<integer>0</integer>
<key>PlayMusic</key>
<string>YES</string>
<key>RepeatSlideShow</key>
<string>YES</string>
<key>SecondsPerSlide</key>
<integer>3</integer>
<key>SlideShowUseTitles</key>
<false/>
<key>SongPath</key>
<string>/Applications/iPhoto.app/Contents/Resources/Music/Minuet in G.mp3</string>
<key>TransitionDirection</key>
<integer>0</integer>
<key>TransitionName</key>
<string>Default</string>
<key>TransitionSpeed</key>
<real>1.000000</real>
<key>PanAndZoom</key>
<string>YES</string>
<key>Style</key>
<string>Classic</string>
<key>ShuffleSlides</key>
<false/>
</dict>
</array>
<key>List of Rolls</key>
<array>
</array>
<key>List of Faces</key>
<dict>
</dict>
<key>List of Keywords</key>
<dict>
<key>3</key>
<string>家庭</string>
<key>6</key>
<string>生日</string>
<key>1</key>
<string>✔</string>
<key>2</key>
<string>个人收藏</string>
<key>4</key>
<string>孩子</string>
<key>5</key>
<string>度假</string>
</dict>
<key>Major Version</key>
<integer>2</integer>
<key>Master Image List</key>
<dict>
</dict>
<key>Minor Version</key>
<integer>0</integer>
</dict>
</plist>
